CURATED-COFs paper ID,Reference,DOI,Title
p0500,"Science, 2005, 310, 1166-1170",10.1126/science.1120411,"Porous, crystalline, covalent organic frameworks"
p0700,"J. Am. Chem. Soc., 2007, 129, 12914-12915",10.1021/ja0751781,Reticular synthesis of microporous and mesoporous 2D covalent organic frameworks
p0701,"Science, 2007, 316, 268-272",10.1126/science.1139915,Designed synthesis of 3D covalent organic frameworks
p0800,"J. Am. Chem. Soc., 2008, 130, 11872-11873",10.1021/ja805064f,Reticular synthesis of covalent organic borosilicate frameworks
p0801,"Adv. Mater., 2008, 20, 2741-2746",10.1002/adma.200800030,Tailoring microporosity in covalent organic frameworks
p0802,"Angew. Chem. Int. Ed., 2008, 47, 3450-3453",10.1002/anie.200705710,"Porous, covalent triazine‐based frameworks prepared by ionothermal synthesis"
p0803,"Angew. Chem. Int. Ed., 2008, 47, 8826-8830",10.1002/ange.200803826,"A belt‐shaped, blue luminescent, and semiconducting covalent organic framework"
p0900,"J. Am. Chem. Soc., 2009, 131, 4570-4571",10.1021/ja8096256,A crystalline imine-linked 3-D porous covalent organic framework
p0901,"Angew. Chem. Int. Ed., 2009, 48, 5439-5442",10.1002/ange.200900881,A photoconductive covalent organic framework: self‐condensed arene cubes composed of eclipsed 2D polypyrene sheets for photocurrent generation
p1000,"Adv. Mater., 2010, 22, 2202-2205",10.1002/adma.200903436,"Rational extension of the family of layered, covalent, triazine‐based frameworks with regular porosity"
p1001,"Nat. Chem., 2010, 2, 672-677",10.1038/nchem.695,Lewis acid-catalysed formation of two-dimensional phthalocyanine covalent organic frameworks
p1002,"Chem. Commun., 2010, 46, 7157-7159",10.1039/C0CC01810D,Templating molecular adsorption using a covalent organic framework
p1100,"J. Am. Chem. Soc., 2011, 133, 11478-11481",10.1021/ja204728y,Crystalline covalent organic frameworks with hydrazone linkages
p1101,"J. Am. Chem. Soc., 2011, 133, 14510-14513",10.1021/ja2052396,An n-Channel Two-Dimensional Covalent Organic Framework
p1102,"J. Am. Chem. Soc., 2011, 133, 19816-19822",10.1021/ja206846p,Construction of covalent organic framework for catalysis: Pd/COF-LZU1 in Suzuki-Miyaura coupling reaction
p1103,"Chem. Mater., 2011, 23, 4094-4097",10.1021/cm201140r,Covalent organic frameworks with high charge carrier mobility
p1104,"J. Am. Chem. Soc., 2011, 133, 19416-19421",10.1021/ja206242v,A 2D Covalent Organic Framework with 4.7-nm Pores and Insight into Its Interlayer Stacking
p1200,"J. Am. Chem. Soc., 2012, 134, 19524-19527",10.1021/ja308278w,Construction of crystalline 2D covalent organic frameworks with remarkable chemical (acid/base) stability via a combined reversible and irreversible route
p1201,"Angew. Chem. Int. Ed., 2012, 51, 2618-2622",10.1002/ange.201106203,High‐Rate Charge‐Carrier Transport in Porphyrin Covalent Organic Frameworks: Switching from Hole to Electron to Ambipolar Conduction
p1202,"Angew. Chem. Int. Ed., 2012, 51, 2623-2627",10.1002/ange.201107070,Lattice expansion of highly oriented 2D phthalocyanine covalent organic framework films
p1203,"Adv. Mater., 2012, 24, 3026-3031",10.1002/adma.201201185,An Ambipolar Conducting Covalent Organic Framework with Self‐Sorted and Periodic Electron Donor‐Acceptor Ordering
p1204,"J. Mater. Chem., 2012, 22, 5369",10.1039/C2JM15159F,Cyclotricatechylene based porous crystalline material: Synthesis and applications in gas storage
p1205,"Chem. Commun., 2012, 48, 8823-8825",10.1039/C2CC33583B,Targeted synthesis of a porous borazine-linked covalent organic framework
p1206,"Chem. Commun., 2012, 48, 8952-8954",10.1039/C2CC33929C,Conducting metallophthalocyanine 2D covalent organic frameworks: the role of central metals in controlling π-electronic functions
p1300,"Energy Environ. Sci., 2013, 6, 3684",10.1039/C3EE42548G,A perfluorinated covalent triazine-based framework for highly selective and water-tolerant CO 2 capture
p1301,"CrystEngComm, 2013, 15, 1508-1511",10.1039/C2CE26371H,Star-shaped two-dimensional covalent organic frameworks
p1302,"CrystEngComm, 2013, 15, 1524-1527",10.1039/C2CE26487K,Targeted synthesis of a mesoporous triptycene-derived covalent organic framework
p1303,"Chem. Mater., 2013, 25, 1542-1548",10.1021/cm303751n,"Covalent triazine frameworks prepared from 1, 3, 5-tricyanobenzene"
p1304,"J. Am. Chem. Soc., 2013, 135, 16336-16339",10.1021/ja409033p,Single-crystal structure of a covalent organic framework
p1305,"J. Am. Chem. Soc., 2013, 135, 16821-16824",10.1021/ja409421d,β-Ketoenamine-linked covalent organic frameworks capable of pseudocapacitive energy storage
p1306,"J. Am. Chem. Soc., 2013, 135, 17310-17313",10.1021/ja4103293,An azine-linked covalent organic framework
p1307,"J. Am. Chem. Soc., 2013, 135, 17853-17861",10.1021/ja408121p,Chemically stable multilayered covalent organic nanosheets from covalent organic frameworks via mechanical delamination
p1308,"Nat. Commun., 2013, 4, 2736",10.1038/ncomms3736,Conjugated organic framework with three-dimensionally ordered stable structure and delocalized π clouds
p1309,"Angew. Chem. Int. Ed., 2013, 52, 2920-2924",10.1002/ange.201208514,A Photoconductive Thienothiophene‐Based Covalent Organic Framework Showing Charge Transfer Towards Included Fullerene
p1310,"Chem. Eur. J., 2013, 19, 3324-3328",10.1002/chem.201203753,A 2D Mesoporous Imine‐Linked Covalent Organic Framework for High Pressure Gas Storage Applications
p1311,"Angew. Chem. Int. Ed., 2013, 52, 3770-3774",10.1002/anie.201300256,A Squaraine‐Linked Mesoporous Covalent Organic Framework
p1312,"Chem. Commun., 2013, 49, 3961",10.1039/C3CC41382A,From a supramolecular tetranitrile to a porous covalent triazine-based framework with high gas uptake capacities
p1313,"Chem. Sci., 2013, 4, 4505",10.1039/C3SC52034J,Large pore donor-acceptor covalent organic frameworks
p1314,"Proc. Natl. Acad. Sci., 2013, 110, 4923-4928",10.1073/pnas.1221824110,Thiophene-based covalent organic frameworks
p1315,"J. Am. Chem. Soc., 2013, 135, 5328-5331",10.1021/ja4017842,Mechanochemical synthesis of chemically stable isoreticular covalent organic frameworks
p1316,"J. Am. Chem. Soc., 2013, 135, 546-549",10.1021/ja3100319,Control of crystallinity and porosity of covalent organic frameworks by managing interlayer interactions based on self-complementary π-electronic force
p1317,"CrystEngComm, 2013, 15, 7157",10.1039/C3CE41091A,Synthesis of a phthalocyanine 2D covalent organic framework
p1318,"Nat. Chem., 2013, 5, 830-834",10.1038/nchem.1730,Constructing monocrystalline covalent organic networks by polymerization
p1319,"Chem. Commun., 2013, 50, 788-791",10.1039/C3CC47652A,Thermally/hydrolytically stable covalent organic frameworks from a rigid macrocyclic host
p1400,"Chem. Commun., 2014, 50, 13825-13828",10.1039/C4CC05665E,A 2D azine-linked covalent organic framework for gas storage applications
p1401,"Chem. Eur. J., 2014, 20, 14608-14613",10.1002/chem.201402844,Two‐Dimensional Tetrathiafulvalene Covalent Organic Frameworks: Towards Latticed Conductive Organic Salts
p1402,"J. Am. Chem. Soc., 2014, 136, 15885-15888",10.1021/ja5092936,One-step construction of two different kinds of pores in a 2D covalent organic framework
p1403,"J. Am. Chem. Soc., 2014, 136, 17802-17807 ",10.1021/ja509551m,Extraction of photogenerated electrons and holes from a covalent organic framework integrated heterojunction
p1404,"Chem. Sci., 2014, 5, 2789-2793",10.1039/C4SC00016A,A hydrazone-based covalent organic framework for photocatalytic hydrogen production
p1405,"Angew. Chem. Int. Ed., 2014, 53, 2878-2882",10.1002/ange.201310500,3D microporous base‐functionalized covalent organic frameworks for size‐selective catalysis
p1406,"Chem. Sci., 2014, 5, 4693-4700",10.1039/C4SC02593H,Tunable electrical conductivity in oriented thin films of tetrathiafulvalene-based covalent organic framework
p1407,"Chem. Commun., 2014, 50, 6161",10.1039/C4CC01825G,Towards covalent organic frameworks with predesignable and aligned open docking sites
p1408,"CrystEngComm, 2014, 16, 6547",10.1039/C4CE00369A,A novel azobenzene covalent organic framework
p1409,"J. Am. Chem. Soc., 2014, 136, 6570-6573",10.1021/ja502212v,Phosphoric Acid Loaded Azo (-N=N-) Based Covalent Organic Framework for Proton Conduction
p1410,"Angew. Chem. Int. Ed., 2014, 53, 9564-9568",10.1002/ange.201400273,Surface‐Confined Single‐Layer Covalent Organic Framework on Single‐Layer Graphene Grown on Copper Foil
p1500,"Nat. Commun., 2015, 6, 6486",10.1038/ncomms7486,Nitrogenated holey two-dimensional structures
p1501,"Chem. Commun., 2015, 51, 10096--10098",10.1039/C5CC03457D,A π-electronic covalent organic framework catalyst: π-walls as catalytic beds for Diels-Alder reactions under ambient conditions
p1502,"Catal. Sci. Technol., 2015, 5, 101-104",10.1039/C4CY00969J,Bottom-up approach to engineer two covalent porphyrinic frameworks as effective catalysts for selective oxidation
p1503,"J. Am. Chem. Soc., 2015, 137, 1020-1023",10.1021/ja510926w,Covalent organic frameworks formed with two types of covalent bonds based on orthogonal reactions
p1504,"Chem. Eur. J., 2015, 21,10666 -10670 ",10.1002/chem.201501692,Direct On‐Surface Patterning of a Crystalline Laminar Covalent Organic Framework Synthesized at Room Temperature
p1505,"Chem. Eur. J., 2015, 21, 12079-12084",10.1002/chem.201501206,"An Azine‐Linked Covalent Organic Framework: Synthesis, Characterization and Efficient Gas Storage"
p1506,"J. Am. Chem. Soc., 2015, 137, 13772-13775",10.1021/jacs.5b09487,Desymmetrized vertex design for the synthesis of covalent organic frameworks with periodically heterogeneous pore structures
p1507,"J. Mater. Chem. A, 2015, 3, 23664-23669",10.1039/C5TA07998E,"Pore surface engineering in porous, chemically stable covalent organic frameworks for water adsorption"
p1508,"Angew. Chem. Int. Ed., 2015, 54, 2986-2990",10.1002/anie.201411262,Two‐dimensional covalent organic frameworks for carbon dioxide capture through channel‐wall functionalization
p1509,"Chem. Commun., 2015, 51, 310-313",10.1039/C4CC07104B,Bifunctional covalent organic frameworks with two dimensional organocatalytic micropores
p1510,"Chem. Sci., 2015, 6, 3931-3939",10.1039/C5SC00512D,Chemical sensing in two dimensional porous covalent organic nanosheets
p1511,"Chem. Sci., 2015, 6, 4049-4053",10.1039/C5SC00894H,Mesoporous 2D covalent organic frameworks based on shape-persistent arylene-ethynylene macrocycles
p1512,"RSC Adv., 2015, 5, 41017-41024",10.1039/C5RA04433B,A triazine-based covalent organic framework/palladium hybrid for one-pot silicon-based cross-coupling of silanes and aryl iodides
p1513,"Chem. Mater., 2015, 27, 6169-6172",10.1021/acs.chemmater.5b02053,2D covalent organic frameworks with alternating triangular and hexagonal pores
p1514,"Nat. Commun., 2015, 6, 6786",10.1038/ncomms7786,Self-templated chemically stable hollow spherical covalent organic framework
p1515,"J. Am. Chem. Soc., 2015, 137, 7079-7082",10.1021/jacs.5b04300,Tailor-made pore surface engineering in covalent organic frameworks: systematic functionalization for performance screening
p1516,"J. Mater. Chem. C, 2015, 3, 7159-7171",10.1039/C5TC00670H,[3+ 3] Imine and β-ketoenamine tethered fluorescent covalent-organic frameworks for CO 2 uptake and nitroaromatic sensing
p1517,"Nat. Commun., 2015, 6, 7786",10.1038/ncomms8786,Rational design of crystalline supermicroporous covalent organic frameworks with triangular topologies
p1518,"J. Am. Chem. Soc., 2015, 137, 7817-7827",10.1021/jacs.5b03553,Creation of Superheterojunction Polymers via Direct Polycondensation: Segregated and Bicontinuous Donor-Acceptor π-Columnar Arrays in Covalent Organic Frameworks for Long-Lived Charge Separation
p1519,"Chem. Mater., 2015, 27, 7874-7881",10.1021/acs.chemmater.5b02151,Tunable Water and CO2 Sorption Properties in Isostructural Azine-Based Covalent Organic Frameworks through Polarity Engineering
p1520,"J. Am. Chem. Soc., 2015, 137, 8352-8355",10.1021/jacs.5b04147,3D porous crystalline polyimide covalent organic frameworks for drug delivery
p1521,"Angew. Chem. Int. Ed., 2015, 54, 8704-8707",10.1002/ange.201503902,A photoresponsive smart covalent organic framework
p1522,"Chin. J. Chem., 2015, 33, 90-94",10.1002/cjoc.201400550,Synthesis of Microporous Nitrogen-Rich Covalent-Organic Framework and Its Application in CO2Capture
p1523,"Angew. Chem. Int. Ed., 2015, 54, 8704-8707",10.1002/anie.201503902,A Photoresponsive Smart Covalent Organic Framework
p1524,"J. Mater. Chem. C, 2015, 3, 10066-10069",10.1039/C5TC02256H,Triazatruxene based covalent organic framework and its quick-response fluorescence-on nature towards electron rich arenes
p1600,"J. Am. Chem. Soc., 2016, 138, 10120-10123",10.1021/jacs.6b06546,Luminescent covalent organic frameworks containing a homogeneous and heterogeneous distribution of dehydrobenzoannulene vertex units
p1601,"ACS Macro Lett., 2016, 5, 1055-1058",10.1021/acsmacrolett.6b00486,Synthesis of Benzobisoxazole-Linked Two-Dimensional Covalent Organic Frameworks and Their Carbon Dioxide Capture Properties
p1602,"Chem. Commun., 2016, 52, 11088-11091",10.1039/C6CC05748A,Covalent organic frameworks as pH responsive signaling scaffolds
p1603,"J. Am. Chem. Soc., 2016, 138, 11489-11492",10.1021/jacs.6b07516,Constructing crystalline covalent organic frameworks from chiral building blocks
p1604,"Chem. Commun., 2016, 52, 11704-11707",10.1039/C6CC06637B,Two-dimensional dual-pore covalent organic frameworks obtained from the combination of two D 2h symmetrical building blocks
p1605,"Nat. Commun., 2016, 7, 12325",10.1038/ncomms12325,Multiple-component covalent organic frameworks
p1606,"J. Am. Chem. Soc., 2016, 138, 12332-12335",10.1021/jacs.6b07714,Homochiral 2D porous covalent organic frameworks for heterogeneous asymmetric catalysis
p1607,"Chem. Mater., 2016, 28, 1277-1285",10.1021/acs.chemmater.5b02902,Mixed Matrix Membranes (MMMs) Comprising Exfoliated 2D Covalent Organic Frameworks (COFs) for Efficient CO2 Separation
p1608,"ACS Macro Lett., 2016, 5, 1348-1352",10.1021/acsmacrolett.7b00849,General Route to High Surface Area Covalent Organic Frameworks and Their Metal Oxide Composites as Magnetically Recoverable Adsorbents and for Energy …
p1609,"Angew. Chem. Int. Ed., 2016, 55, 13979 -13984 ",10.1002/anie.201606155,Manipulation of Amorphous‐to‐Crystalline Transformation: Towards the Construction of Covalent Organic Framework Hybrid Microspheres with NIR Photothermal …
p1610,"J. Mater. Chem. A, 2016, 4, 14106-14110",10.1039/C6TA06449C,Two fully conjugated covalent organic frameworks as anode materials for lithium ion batteries
p1611,"J. Am. Chem. Soc., 2016, 138, 14783-14788",10.1021/jacs.6b09563,Three-dimensional covalent organic frameworks with dual linkages for bifunctional cascade catalysis
p1612,"Chem. Mater., 2016, 28, 1489-1494",10.1021/acs.chemmater.5b04947,Interplaying intrinsic and extrinsic proton conductivities in covalent organic frameworks
p1613,"J. Am. Chem. Soc., 2016, 138, 15134-15137",10.1021/jacs.6b10316,Metalation of a mesoporous three-dimensional covalent organic framework
p1614,"J. Am. Chem. Soc., 2016, 138, 15519-15522",10.1021/jacs.6b08377,Chemical conversion of linkages in covalent organic frameworks
p1615,"Angew. Chem. Int. Ed., 2016, 55, 15604 -15608",10.1002/ange.201607812,Chemically Delaminated Free‐Standing Ultrathin Covalent Organic Nanosheets
p1616,"Adv. Energy Mater., 2016, 6, 1601189 ",10.1039/C7CC05172G,Facile synthesis of sponge-like Ni 3 N/NC for electrocatalytic water oxidation
p1617,"J. Am. Chem. Soc., 2016, 138, 16703-16710 ",10.1021/jacs.6b09787,Synchronized offset stacking: A concept for growing large-domain and highly crystalline 2d covalent organic frameworks
p1618,"Angew. Chem. Int. Ed., 2016, 55, 1737-1741",10.1002/anie.201509014,Ionic covalent organic frameworks with spiroborate linkage
p1619,"Chem. Eur. J., 2016, 22, 17784-17789",10.1002/chem.201603043,Precision Construction of 2D Heteropore Covalent Organic Frameworks by a Multiple‐Linking‐Site Strategy
p1620,"ACS Appl. Mater. Inter., 2016, 8, 18505-18512",10.1021/acsami.6b06189,Mechanoassisted Synthesis of Sulfonated Covalent Organic Frameworks with High Intrinsic Proton Conductivity
p1621,"J. Mater. Chem. A, 2016, 4, 18621-18627",10.1039/C6TA07606H,Structure-modulated crystalline covalent organic frameworks as high-rate cathodes for Li-ion batteries
p1622,"J. Chem. Eng. Data., 2016, 61, 1904-1909",10.1021/acs.jced.6b00071,Target Synthesis of an Azo (N=N) Based Covalent Organic Framework with High CO2-over-N2 Selectivity and Benign Gas Storage Capability
p1623,"RSC Adv., 2016, 6, 28047-28054",10.1039/C6RA01717G,A new triazine functionalized luminescent covalent organic framework for nitroaromatic sensing and CO 2 storage
p1624,"J. Am. Chem. Soc., 2016, 138, 2823-2828",10.1021/jacs.5b13533,Self-exfoliated guanidinium-based ionic covalent organic nanosheets (iCONs)
p1625,"J. Am. Chem. Soc., 2016, 138, 3302-3305",10.1021/jacs.6b00652,"A pyrene-based, fluorescent three-dimensional covalent organic framework"
p1626,"J. Am. Chem. Soc., 2016, 138, 3031-3037",10.1021/jacs.5b10754,Thioether-based fluorescent covalent organic framework for selective detection and facile removal of mercury (II)
p1627,"Nat. Chem., 2016, 8, 310-316",10.1038/nchem.2444,Molecular docking sites designed for the generation of highly crystalline covalent organic frameworks
p1628,"Polym. Chem., 2016, 7, 3392-3397",10.1039/C6PY00281A,A polycationic covalent organic framework: a robust adsorbent for anionic dye pollutants
p1629,"Science, 2016, 351, 361-365",10.1126/science.aad0832,Active sites of nitrogen-doped carbon materials for oxygen reduction reaction clarified using model catalysts
p1630,"Chem. Commun., 2016, 52, 3690-3693",10.1039/C5CC10221A,Insight into the crystallization of amorphous imine-linked polymer networks to 2D covalent organic frameworks
p1631,"RSC Adv., 2016, 6, 38774-38781",10.1039/C6RA04859E,Channel-wall functionalization in covalent organic frameworks for the enhancement of CO 2 uptake and CO 2/N 2 selectivity
p1632,"IUCRJ, 2016, 6, 402-407",10.1107/S2052252516013762,Constructing covalent organic frameworks in water via dynamic covalent bonding
p1633,"Chem. Commun., 2016, 52, 4128-4131",10.1039/C6CC00853D,Nanoscale covalent organic frameworks as smart carriers for drug delivery
p1634,"CrystEngComm, 2016, 18, 4259-4263",10.1039/C6CE00168H,A new azodioxy-linked porphyrin-based semiconductive covalent organic framework with I 2 doping-enhanced photoconductivity
p1635,"CrystEngComm, 2016, 18, 4295-4302",10.1039/C6CE00193A,From benzodithiophene to diethoxy-benzodithiophene covalent organic frameworks-structural investigations
p1636,"Chem. Commun., 2016, 52, 4706-4709",10.1039/C6CC01171C,Highly crystalline covalent organic frameworks from flexible building blocks
p1637,"Environ. Sci. Tech., 2016, 50, 4869-4876",10.1021/acs.est.6b00425,Covalent Triazine-Based Frameworks with Ultramicropores and High Nitrogen Contents for Highly Selective CO2 Capture
p1638,"Chem. Mater., 2016, 28, 5095-5101",10.1021/acs.chemmater.6b01954,Room temperature batch and continuous flow synthesis of water-stable covalent organic frameworks (COFs)
p1639,"ACS Appl. Mater. Inter., 2016, 8, 5366-5375",10.1021/acsami.5b12370,High conductive two-dimensional covalent organic framework for lithium storage with large capacity
p1640,"J. Am. Chem. Soc., 2016, 138, 5797-5800",10.1021/jacs.6b02700,Highly emissive covalent organic frameworks
p1641,"J. Am. Chem. Soc., 2016, 138, 5897-5903",10.1021/jacs.5b13490,Cationic covalent organic frameworks: a simple platform of anionic exchange for porosity tuning and proton conduction
p1642,"Chem. Mater., 2016, 28, 626-631",10.1021/acs.chemmater.5b04388,Sequential pore wall modification in a covalent organic framework for application in lactic acid adsorption
p1643,"Chem. Commun., 2016, 52, 6613-6616",10.1039/C6CC01476C,A robust and luminescent covalent organic framework as a highly sensitive and selective sensor for the detection of Cu 2+ ions
p1644,"Nat. Mater., 2016, 15, 722-727",10.1038/nmat4611,Proton conduction in crystalline and porous covalent organic frameworks
p1645,"J. Mater. Chem. A, 2016, 4, 7416-7421",10.1039/C6TA00483K,A 2D porous porphyrin-based covalent organic framework for sulfur storage in lithium-sulfur batteries
p1646,"Angew. Chem. Int. Ed., 2016, 55, 7806-7810",10.1002/anie.201600087,Decoding the morphological diversity in two dimensional crystalline porous polymers by core planarity modulation
p1647,"Chem. Commun., 2016, 52, 8726-8729",10.1039/C6CC03137D,Ullmann coupling reaction of aryl chlorides on Au (111) using dosed Cu as a catalyst and the programmed growth of 2D covalent organic frameworks
p1648,"Adv. Mater., 2016, 28, 8749-8754",10.1002/adma.201603006,Exploiting noncovalent interactions in an imine‐based covalent organic framework for quercetin delivery
p1649,"J. Hazard. Mater., 2016, 314, 95-104",10.1016/j.jhazmat.2016.04.031,"“Stereoscopic” 2D super-microporous phosphazene-based covalent organic framework: Design, synthesis and selective sorption towards uranium at high acidic …"
p1650,"Micropor. Mesopor. Mat., 2016, 224, 95-99",10.1016/j.micromeso.2015.11.030,A thiadiazole-functionalized covalent organic framework for efficient CO2 capture and separation
p1651,"ACS Macro Lett., 2016, 5, 99-102",10.1021/jacs.6b06546,Luminescent covalent organic frameworks containing a homogeneous and heterogeneous distribution of dehydrobenzoannulene vertex units
p1652,"ACS Macro Lett., 2016, 5, 1348-1352",10.1021/acsmacrolett.6b00805,Rationally Designed 2D Covalent Organic Framework with a Brick-Wall Topology
p1700,"ACS Appl. Mater. Inter., 2017, 9, 13415-13421",10.1021/acsami.6b16423,"Highly fluorescent polyimide covalent organic nanosheets as sensing probes for the detection of 2, 4, 6-trinitrophenol"
p1701,"Mater. Chem. Front., 2017, 1, 1354-1361",10.1039/C6QM00378H,Tuning the stacking behaviour of a 2D covalent organic framework through non-covalent interactions
p1702,"ACS Appl. Mater. Inter., 2017, 9, 13785-13792 ",10.1021/acsami.7b02355,Predesigned Metal-Anchored Building Block for In Situ Generation of Pd Nanoparticles in Porous Covalent Organic Framework: Application in Heterogeneous Tandem Catalysis
p1703,"Adv. Mater., 2017, 29, 1603945",10.1002/adma.201603945,Selective Molecular Sieving in Self‐Standing Porous Covalent‐Organic‐Framework Membranes
p1704,"ACS Appl. Mater. Inter., 2017, 9 , 23843-23851",10.1021/acsami.7b06968,Electrochemical stimuli-driven facile metal-free hydrogen evolution from pyrene-porphyrin-based crystalline covalent organic framework
p1705,"J. Am. Chem. Soc., 2017, 139, 2428-2434",10.1021/jacs.6b12328,Stable covalent organic frameworks for exceptional mercury removal from aqueous solutions
p1706,"Chem. Commun., 2017, 53, 2431-2434",10.1039/C6CC09906H,Construction of 2D covalent organic frameworks by taking advantage of the variable orientation of imine bonds
p1707,"ACS Appl. Mater. Inter., 2017, 9, 24999-25005",10.1021/acsami.7b08060,High-Crystallinity Covalent Organic Framework with Dual Fluorescence Emissions and Its Ratiometric Sensing Application
p1708,"Angew. Chem. Int. Ed., 2017, 56, 4982-4986",10.1002/ange.201611542,Ionic covalent organic frameworks: Design of a charged interface aligned on 1D channel walls and its unusual electrostatic functions
p1709,"J. Am. Chem. Soc., 2017, 139, 4995-4998",10.1021/jacs.7b01097,A dynamic three-dimensional covalent organic framework
p1710,"Sci. Rep., 2017, 7, 557 ",10.1038/s41598-017-00738-z,Amine-Functionalized Covalent Organic Framework for Efficient SO 2 Capture with High Reversibility
p1711,"J. Am. Chem. Soc., 2017, 139, 6042-6045",10.1021/jacs.7b01523,Salen-based covalent organic framework
p1712,"Chem. Mater., 2017, 29, 6518-6524",10.1021/acs.chemmater.7b02131,Pd NPs-loaded homochiral covalent organic framework for heterogeneous asymmetric catalysis
p1713,"J. Am. Chem. Soc., 2017, 139, 6736-6743",10.1021/jacs.7b02303,Toward Covalent Organic Frameworks Bearing Three Different Kinds of Pores: The Strategy for Construction and COF-to-COF Transformation via Heterogeneous Linker Exchange
p1714,"ACS Appl. Mater. Inter., 2017, 9, 7108-7114",10.1021/acsami.6b14916,Fluorescence properties and analytical applications of covalent organic frameworks
p1715,"J. Am. Chem. Soc., 2017, 139, 8277-8285",10.1021/jacs.7b03352,Multivariate chiral covalent organic frameworks with controlled crystallinity and stability for asymmetric catalysis
p1716,"J. Am. Chem. Soc., 2017, 139, 8705-8709 ",10.1021/jacs.7b04141,3D porphyrin-based covalent organic frameworks
p1717,"J. Am. Chem. Soc., 2017, 139, 8897-8904",10.1021/jacs.7b02696,Salicylideneanilines-based covalent organic frameworks as chemoselective molecular sieves
p1718,"ChemSusChem, 2017, 10, 921-929",10.1002/cssc.201601571,A New Triazine‐Based Covalent Organic Framework for High‐Performance Capacitive Energy Storage
p1719,"J. Am. Chem. Soc., 2017, 139 , 8698-8704",10.1021/jacs.7b04096,Ultrathin Two-Dimensional Covalent Organic Framework Nanosheets: Preparation and Application in Highly Sensitive and Selective DNA Detection
p1720,"J. Am. Chem. Soc., 2017, 139, 13166-13172",10.1021/jacs.7b07457,"A Synthetic Route for Crystals of Woven Structures, Uniform Nanocrystals, and Thin Films of Imine Covalent Organic Frameworks"
p1721,"J. Am. Chem. Soc., 2017, 139, 13083-13091",10.1021/jacs.7b06640,Selective Molecular Separation by Interfacially Crystallized Covalent Organic Framework Thin Films
p1722,"J. Am. Chem. Soc., 2017, 139, 17082-17088",10.1021/jacs.7b07918,Synthesis of Ultrafine and Highly Dispersed Metal Nanoparticles Confined in a Thioether-Containing Covalent Organic Framework and Their Catalytic Applications
p1723,"Chem. Commun., 2017, 53, 7266-7269",10.1039/C7CC01045A,Ultrahigh volatile iodine uptake by hollow microspheres formed from a heteropore covalent organic framework
p1724,"J. Am. Chem. Soc., 2017, 139, 2786-2793",10.1021/jacs.6b12885,Postsynthetically Modified Covalent Organic Frameworks for Efficient and Effective Mercury Removal
p1800,"J. Am. Chem. Soc., 2018, 140, 5330-5333",10.1021/jacs.8b01774,3D Anionic Silicate Covalent Organic Framework with srs Topology
p1801,"J. Am. Chem. Soc., 2018, 140, 892-895",10.1021/jacs.7b12110,Chiral 3D Covalent Organic Frameworks for High Performance Liquid Chromatographic Enantioseparation
p1802,"Chem. Eur. J., 2018, 24, 585-589",10.1002/chem.201705405,A 3D Covalent Organic Framework with Exceptionally High Iodine Capture Capability
p1803,"Chem. Mater., 2018, 30, 1762-1768",10.1021/acs.chemmater.8b00117,Covalent Organic Framework with Frustrated Bonding Network for Enhanced Carbon Dioxide Storage
p1804,"Angew. Chem. Int. Ed., 2018, 130, 6150-6156",10.1002/ange.201712246,Postsynthetic Functionalization of Three-Dimensional Covalent Organic Frameworks for Selective Extraction of Lanthanide Ions
p1805,"ACS Appl. Mater. Inter., 2018, 10, 41350-41358",10.1021/acsami.8b14671,Zwitterionic Covalent Organic Frameworks as Catalysts for Hierarchical Reduction of CO2 with Amine and Hydrosilane
p1806,"Nat. Commun., 2018, 9, 2335",10.1038/s41467-018-04769-6,Tuneable near white-emissive two-dimensional covalent organic frameworks
p1807,"ACS Appl. Mater. Inter., 2018, 10, 15364-15368",10.1021/acsami.8b05484,Covalent Organic Framework Functionalized with 8-Hydroxyquinoline as a Dual-Mode Fluorescent and Colorimetric pH Sensor
p1808,"J. Am. Chem. Soc., 2018, 140, 1116-1122",10.1021/jacs.7b11940,Reticular Electronic Tuning of Porphyrin Active Sites in Covalent Organic Frameworks for Electrocatalytic Carbon Dioxide Reduction
p1809,"J. Am. Chem. Soc., 2018, 139, 10506-10513",10.1021/jacs.7b05555,Computational and Experimental Studies on the Effects of Monomer Planarity on Covalent Organic Framework Formation
p1810,"J. Am. Chem. Soc., 2018, 140, 1423-1427",10.1021/jacs.7b11255,Diacetylene Functionalized Covalent Organic Framework (COF) for Photocatalytic Hydrogen Generation
p1811,"J. Am. Chem. Soc., 2018, 140, 9099-9103",10.1021/jacs.8b05830,Conversion of Imine to Oxazole and Thiazole Linkages in Covalent Organic Frameworks
p1812,"J. Am. Chem. Soc., 2018, 140, 4494-4498",10.1021/jacs.8b01320,"Fast, Ambient Temperature and Pressure Ionothermal Synthesis of Three-Dimensional Covalent Organic Frameworks"
p1813,"Science, 2018, 361, 48-52",10.1126/science.aat7679,Single-crystal x-ray diffraction structures of covalent organic frameworks
p1814,"Nat Commun, 2018, 9",10.1038/s41467-018-07720-x,Materials genomics methods for high-throughput construction of COFs and targeted synthesis
p1815,"CrystEngComm, 2018, 20, 7621-7625",10.1039/C8CE01397G,Chlorine-functionalized keto-enamine-based covalent organic frameworks for CO2 separation and capture
p1900,"J. Am. Chem. Soc., 2019, 141, 3324-13329",10.1021/jacs.9b06908,Three-Dimensional Tetrathiafulvalene-Based Covalent Organic Frameworks for Tunable Electrical Conductivity
p1901,"J. Mater. Chem. B, 2019, 7, 1469-1474",10.1039/C8TB02870B,A hollow microshuttle-shaped capsule covalent organic framework for protein adsorption
p1902,"J. Am. Chem. Soc., 2019, 141, 2920-2924",10.1021/jacs.9b00485,Three-dimensional Salphen-based Covalent–Organic Frameworks as Catalytic Antioxidants
p1903,"J. Mater. Chem. A, 2019, 7, 4689-4698",10.1039/C8TA12046C,Ionic liquid-decorated COF and its covalent composite aerogel for selective CO2 adsorption and catalytic conversion
p1904,"ACS Sustain. Chem. Eng., 2019, 7, 4878-4888",10.1021/acssuschemeng.8b05373,Vanadium Docked Covalent-Organic Frameworks: An Effective Heterogeneous Catalyst for Modified Mannich-Type Reaction
p1905,"Chem. Sci., 2019, 10, 8316-8322",10.1039/C9SC02601K,Donor-acceptor covalent organic frameworks for visible light induced free radical polymerization
p1906,"ACS Sustain. Chem. Eng., 2019, 7, 5065-5071",10.1021/acssuschemeng.8b05887,Chiral DHIP- and Pyrrolidine-Based Covalent Organic Frameworks for Asymmetric Catalysis
p1907,"Chem. Mater., 2019, 31, 1584-1596",10.1021/acs.chemmater.8b04683,"In-Depth Experimental and Computational Investigations for Remarkable Gas/Vapor Sorption, Selectivity, and Affinity by a Porous Nitrogen-Rich Covalent Organic Framework"
p1908,"Green Chem., 2019,21, 2905-2910",10.1039/C9GC00022D,Visible-light-induced tandem radical addition–cyclization of 2-aryl phenyl isocyanides catalysed by recyclable covalent organic frameworks
p1909,"Chemistry - An Asian Journal, 2019, 14, 1429-1435",10.1002/asia.201900296,A Hollow Microtubular Triazine- and Benzobisoxazole-Based Covalent Organic Framework Presenting Sponge-Like Shells That Functions as a High-Performance Supercapacitor
p1910,"Dalton Transactions, 2019, 48, 7352-7357",10.1039/C8DT05056B,One-pot cascade syntheses of microporous and mesoporous pyrazine-linked covalent organic frameworks as Lewis-acid catalysts
p1911,"Chem. Commun., 2019, 55, 5423-5426",10.1039/c9cc01317b,Squaramide-decorated covalent organic framework as a new platform for biomimetic hydrogen-bonding organocatalysis
p1912,"ACS Applied Materials & Interfaces, 2019, 11, 12830-12837",10.1021/acsami.9b02640,"Stable Hydrazone-Linked Covalent Organic Frameworks Containing O,N,O′-Chelating Sites for Fe(III) Detection in Water"
p1913,"Angewandte Chemie International Edition, 2019, 58, 6430-6434",10.1002/anie.201902543,Designed Synthesis of a 2D Porphyrin-Based sp2 Carbon-Conjugated Covalent Organic Framework for Heterogeneous Photocatalysis
p1914,"Nature Chemistry, 2019, 11, 587-594",10.1038/s41557-019-0238-5,Chemically stable polyarylether-based covalent organic frameworks
p1915,"Journal of the American Chemical Society, 2019, 141, 6152-6156",10.1021/jacs.9b01891,Triazine Functionalized Porous Covalent Organic Framework for Photo-organocatalytic E–Z Isomerization of Olefins
p1916,"Journal of the American Chemical Society, 2019, 141, 5880-5885",10.1021/jacs.9b00543,"Solvent-Free, Single Lithium-Ion Conducting Covalent Organic Frameworks"
p1917,"Chem. Mater., 2019, 31, 2707-2712",10.1021/acs.chemmater.8b02882,Scaffold-Induced Diketopyrrolopyrrole Molecular Stacks in a Covalent Organic Framework
p1918,"Micropor. Mesopor. Mat., 2019, 285, 70-79",10.1016/j.micromeso.2019.04.021,N-rich covalent organic frameworks with different pore size for high-pressure CO2 adsorption
p1919,"J. Am. Chem. Soc., 2019, 141, 7081-7089",10.1021/jacs.9b02153,Chiral BINOL-Based Covalent Organic Frameworks for Enantioselective Sensing
p1920,"J. Am. Chem. Soc., 2019, 141, 6848-6852",10.1021/jacs.9b02848,Porous Crystalline Olefin-Linked Covalent Organic Frameworks
p1921,"J. Am. Chem. Soc., 2019, 141, 7518-7525 ",10.1021/jacs.9b02448,Crystalline Lithium Imidazolate Covalent Organic Frameworks with High Li-Ion Conductivity
p1922,"J. Mater. Chem. A, 2019, 7, 13249-13255",10.1039/C9TA02974E,In situ room-temperature fabrication of a covalent organic framework and its bonded fiber for solid-phase microextraction of polychlorinated biphenyls in aquatic products
p1923,"Cryst. Growth Des., 2019, 19, 3543−3550",10.1021/acs.cgd.9b00409,A Benzimidazole-Containing Covalent Organic Framework-Based QCM Sensor for Exceptional Detection of CEES
p1924,"Angew. Chem. Int. Ed., 2019, 58, 9770-9775",10.1002/anie.201905591,Isostructural Three‐Dimensional Covalent Organic Frameworks
p1925,"J. Am. Chem. Soc., 2019, 141, 8996-9003",10.1021/jacs.9b03075,Microporous 3D Covalent Organic Frameworks for Liquid Chromatographic Separation of Xylene Isomers and Ethylbenzene
p1926,"Angew. Chem. Int. Ed., 2019, 58,12065-12069",10.1002/anie.201905713,An Olefin-Linked Covalent Organic Framework as a Flexible Thin-Film Electrode for a High-Performance Micro-Supercapacitor
p1927,"Angew. Chem. Int. Ed., 2019, 58,12392-12397",10.1002/anie.201906890,Rational Design of Crystalline Covalent Organic Frameworks for Efficient CO2 Photoreduction with H2O
p1928,"J. Am. Chem. Soc., 2019, 141, 11253-11258",10.1021/jacs.9b04731,Multistep Solid-State Organic Synthesis of Carbamate-Linked Covalent Organic Frameworks
p1929,"J. Am. Chem. Soc., 2019, 141, 11420-11424",10.1021/jacs.9b05626,Reticular Synthesis of Multinary Covalent Organic Frameworks
p1930,"Angew. Chem. Int. Ed., 2019, 58, 14865-14870",10.1002/anie.201905886,Vinylene-Linked Covalent Organic Frameworks by Base-Catalyzed Aldol Condensation
p1931,"Angew. Chem. Int. Ed., 2019, 58, 14213-14218",10.1002/anie.201909020,Covalent Organic Frameworks as Favorable Constructs for Photodynamic Therapy
p1932,"Green Chem., 2019,21, 5267-5273",10.1039/C9GC01993F,An N-heterocyclic carbene-functionalised covalent organic framework with atomically dispersed palladium for coupling reactions under mild conditions
p1933,"Angew. Chem. Int. Ed., 2019, 58, 15742-15746",10.1002/anie.201909554,Stable 2D Heteroporous Covalent Organic Frameworks for Efficient Ionic Conduction
p1934,"J. Am. Chem. Soc., 2019, 141, 14272-14279",10.1021/jacs.9b06219,Semiconducting 2D Triazine-Cored Covalent Organic Frameworks with Unsubstituted Olefin Linkages
p1935,"J. Am. Chem. Soc., 2019, 141, 13822-13828",10.1021/jacs.9b03463,De Novo Design and Facile Synthesis of 2D Covalent Organic Frameworks: A Two-in-One Strategy
p1936,"J. Am. Chem. Soc., 2019, 141, 12570-12581",10.1021/jacs.9b02800,Switching on and off Interlayer Correlations and Porosity in 2D Covalent Organic Frameworks
p1937,"J. Am. Chem. Soc. 2019, 141, 14981-14986",10.1021/jacs.9b08017,Aminal-Linked Covalent Organic Frameworks through Condensation of Secondary Amine with Aldehyde
p1938,"Chem. Mater., 2019, 31, 8100-8105",10.1021/acs.chemmater.9b02718,Facile Synthesis of Porphyrin Based Covalent Organic Frameworks via an A2B2 Monomer for Highly Efficient Heterogeneous Catalysis
p1939,"Chem. Asian J., 2019, 14, 4767-4773",10.1002/asia.201901157,Ag Nanoparticles Supported on a Resorcinol‐Phenylenediamine‐Based Covalent Organic Framework for Chemical Fixation of CO2
p1940,"Chem. Commun., 2019, 55, 12459-12462",10.1039/C9CC05710B,A novel crystalline azine-linked three-dimensional covalent organic framework for CO2 capture and conversion
p1941,"J. Am. Chem. Soc., 2019, 141, 15693-15699",10.1021/jacs.9b08079,Perylene-Based Covalent Organic Frameworks for Acid Vapor Sensing
p1942,"New J. Chem., 2019, 43, 16907-16914",10.1039/C9NJ04017J,Three-dimensional porphyrin-based covalent organic frameworks with tetrahedral building blocks for single-site catalysis
p1943,"Chem. Eur. J., 2019, 25, 15488-15492",10.1002/chem.201904088,Synthesis of Two‐Dimensional Covalent Organic Frameworks in Ionic Liquids
p1944,"J. Am. Chem. Soc., 2019, 141, 16810-16816",10.1021/jacs.9b07644,Unveiling Electronic Properties in Metal–Phthalocyanine-Based Pyrazine-Linked Conjugated Two-Dimensional Covalent Organic Frameworks
p1945,"Angew. Chem. Int. Ed., 2019, 58, 9443-9447",10.1002/anie.201903534,Divergent Synthesis of Chiral Covalent Organic Frameworks
p1946,"Chem. Sci., 2019, 10, 10815-10820",10.1039/C9SC03725J,Ambient aqueous-phase synthesis of covalent organic frameworks for degradation of organic pollutants
p1947,"Chem. Commun., 2019, 55, 13454-13457",10.1039/C9CC06780A,An unprecedented 2D covalent organic framework with an htb net topology
p1948,"J. Am. Chem. Soc., 2019, 141, 18004-18008",10.1021/jacs.9b10625,Constructing Robust Covalent Organic Frameworks via Multicomponent Reactions
p1949,"Chem. Commun., 2019, 55, 14890-14893",10.1039/C9CC08107K,Ultrastable tetraphenyl-p-phenylenediamine-based covalent organic frameworks as platforms for high-performance electrochemical supercapacitors
p1950,"ACS Appl. Nano Mater., 2019, 2, 7290-7298",10.1021/acsanm.9b01781,Carboxyl-Functionalized Covalent Organic Frameworks for the Adsorption and Removal of Triphenylmethane Dyes
p1951,"Chem. Commun., 2019, 55, 14538-14541",10.1039/C9CC07500C,2D covalent organic frameworks with built-in amide active sites for efficient heterogeneous catalysis
p1952,"Chem. Commun., 2019, 56, 595-598",10.1039/C9CC07639E,A rings-in-pores net: crown ether-based covalent organic frameworks for phase-transfer catalysis
p1953,"J. Am. Chem. Soc., 2019, 141, 20187-20197",10.1021/jacs.9b10007,Nanochannels of Covalent Organic Frameworks for Chiral Selective Transmembrane Transport of Amino Acids
p1954,"Nanoscale, 2019, 11, 23338-23345",10.1039/C9NR08007D,Dibenzochrysene enables tightly controlled docking and stabilizes photoexcited states in dual-pore covalent organic frameworks
p1955,"Chem. Sci., 2019, 11, 845-850",10.1039/C9SC04663A,Remarkably efficient removal of toxic bromate from drinking water with a porphyrin–viologen covalent organic framework
p1956,"ACS Appl. Mater. Interfaces, 2019, 11, 46219-46225",10.1021/acsami.9b17324,Thiol–Ene Click Synthesis of Phenylboronic Acid-Functionalized Covalent Organic Framework for Selective Catechol Removal from Aqueous Medium
p2000,"Angew. Chem. Int. Ed., 2020, in press",10.1002/anie.201912594,Covalent Organic Framework for Improving Near-Infrared Light Induced Fluorescence Imaging through Two-Photon Induction
p2001,"Angew. Chem. Int. Ed., 2020, in press",10.1002/anie.201912579,"Amidation, Esterification, and Thioesterification of a Carboxyl-Functionalized Covalent Organic Framework"
p2002,"J. Am. Chem. Soc., 2020, 142, 16-20",10.1021/jacs.9b08147,Phenazine-Based Covalent Organic Framework Cathode Materials with High Energy and Power Densities
p2003,"J. Am. Chem. Soc., 2020, 142, 70-74",10.1021/jacs.9b11401,Fabricating Organic Nanotubes through Selective Disassembly of Two-Dimensional Covalent Organic Frameworks
p2004,"Angew. Chem. Int. Ed., 2020, in press",10.1002/anie.201915569,A Corrole-Based Covalent Organic Framework Featuring Desymmetric Topology
p2005,"Adv. Mater., 2020, in press",10.1002/adma.201907289,Exfoliated Mesoporous 2D Covalent Organic Frameworks for High‐Rate Electrochemical Double‐Layer Capacitors
p2006,"Chem. Commun., 2020, in press",10.1039/D0CC00454E,Pre-synthetic strategy to construct single ion conductive covalent organic frameworks
p2007,"Small, 2020, in press, 1906005",10.1002/smll.201906005,Phosphine‐Based Covalent Organic Framework for the Controlled Synthesis of Broad‐Scope Ultrafine Nanoparticles
p2008,"J. Am. Chem. Soc., 2020, in press",10.1021/jacs.9b11528,A Two-Dimensional Poly(azatriangulene) Covalent Organic Framework with Semiconducting and Paramagnetic States
p2009,"J. Am. Chem. Soc., 2020, in press",10.1021/jacs.9b13971,Reticulating 1D Ribbons into 2D Covalent Organic Frameworks by Imine and Imide Linkages
